SUMINISTRO_ID,score_catboost,score_lightgbm,priority_score,model_spread,seed_min,seed_max,out_of_range_fraction,data_status,valid_prediction,rank,SED_ID,TARIFA,TIPO CONEXIONADO,ALIMENTADOR_ID,POTENCIA USUARIO CONTRATADO,months_observed,recent_months,recent_daily_kwh,recent_zeros,recent_change_pct,priority_signals,inspection_round,support_status,method_hypothesis
SUM2_003018,0.955692395432697,0.911807682464071,0.955692395432697,0.012137254756910893,0.9342783800402014,0.9705372236358516,0.1111111111111111,complete,True,1.0,SED2_03850,BT5 B,T,ALIM2_194,9.9,12,3,58.413978494624,1,-37.957990184253596,Consumo reciente 38% menor que los 3 meses previos · 1 de los últimos 3 meses con consumo cero · Variación elevada entre lecturas recientes,Primera ronda,Dentro del rango histórico,No determinable con estos datos
SUM2_006873,0.9476450042108662,0.9181301422508603,0.9476450042108662,0.010445496161751926,0.9287453463159514,0.9605264814881285,0.2222222222222222,complete,True,2.0,SED2_02473,BT5 B,T,ALIM2_194,9.9,12,3,2.569556451613,1,-79.13439391202107,Consumo reciente 79% menor que los 3 meses previos · 1 de los últimos 3 meses con consumo cero · Variación elevada entre lecturas recientes,Primera ronda,Fuera del rango histórico,No determinable con estos datos
SUM2_005549,0.9404572371799249,0.9128114757317315,0.9404572371799249,0.01124085552849525,0.9232240883084725,0.9574867987375539,0.2222222222222222,complete,True,3.0,SED2_02988,BT5 B,T,ALIM2_194,9.9,12,3,14.180107526882,1,-78.53554841515884,Consumo reciente 79% menor que los 3 meses previos · 1 de los últimos 3 meses con consumo cero · Descenso en dos meses consecutivos · Variación elevada entre lecturas recientes,Primera ronda,Fuera del rango histórico,No determinable con estos datos
SUM2_018730,0.93855682716033,0.8591398745870205,0.93855682716033,0.010813491848001826,0.9209165484403693,0.9525709443232149,0.1111111111111111,complete,True,4.0,SED2_03288,BT5 B,T,ALIM2_194,9.9,12,3,29.220430107527,1,-39.416128536285974,Consumo reciente 39% menor que los 3 meses previos · 1 de los últimos 3 meses con consumo cero · Descenso en dos meses consecutivos · Variación elevada entre lecturas recientes,Primera ronda,Dentro del rango histórico,No determinable con estos datos
SUM2_002217,0.9381279814877306,0.9071146173905706,0.9381279814877306,0.012456384658043893,0.9200581074885907,0.9579359198953682,0.0,complete,True,5.0,SED2_02938,BT5 B,T,ALIM2_194,9.9,12,3,10.582661290323,1,-45.72847587936112,Consumo reciente 46% menor que los 3 meses previos · 1 de los últimos 3 meses con consumo cero · Descenso en dos meses consecutivos · Variación elevada entre lecturas recientes,Primera ronda,Dentro del rango histórico,No determinable con estos datos
SUM2_010047,0.9380380158020596,0.9307238118673451,0.9380380158020596,0.008404696434363446,0.9280374640493608,0.9529218906147683,0.0,complete,True,6.0,SED2_08157,BT5 B,T,ALIM2_194,10.0,12,3,13.743279569892,1,-56.697097027321206,Consumo reciente 57% menor que los 3 meses previos · 1 de los últimos 3 meses con consumo cero · Descenso en dos meses consecutivos · Variación elevada entre lecturas recientes,Primera ronda,Dentro del rango histórico,No determinable con estos datos
SUM2_012152,0.9378334022810118,0.928445503333095,0.9378334022810118,0.008351979288980172,0.9280374640493608,0.9525709443232149,0.1111111111111111,complete,True,7.0,SED2_01784,BT5 B,M,ALIM2_194,3.0,12,3,39.554771505376,1,-7.490852563173666,1 de los últimos 3 meses con consumo cero · Descenso en dos meses consecutivos · Variación elevada entre lecturas recientes,Primera ronda,Dentro del rango histórico,No determinable con estos datos
SUM2_016325,0.9375469578409135,0.9129742105879275,0.9375469578409135,0.00854979788942941,0.9278626044292908,0.9535778255983972,0.1111111111111111,complete,True,8.0,SED2_09291,BT5 B,T,ALIM2_194,9.9,12,3,374.375,1,-56.511471097773835,Consumo reciente 57% menor que los 3 meses previos · 1 de los últimos 3 meses con consumo cero · Variación elevada entre lecturas recientes,Primera ronda,Dentro del rango histórico,No determinable con estos datos
SUM2_001773,0.9309221260997589,0.8237154478349105,0.9309221260997589,0.013872466924676396,0.9088899163090505,0.9490980815410639,0.0,complete,True,9.0,SED2_06406,BT5 B,T,ALIM2_194,9.9,12,3,2.308467741935,1,-60.63408569571308,Consumo reciente 61% menor que los 3 meses previos · 1 de los últimos 3 meses con consumo cero · Descenso en dos meses consecutivos · Variación elevada entre lecturas recientes,Primera ronda,Dentro del rango histórico,No determinable con estos datos
SUM2_001578,0.925395093689839,0.8813359995893493,0.925395093689839,0.010357430114483543,0.907809406353522,0.9384173303467092,0.0,complete,True,10.0,SED2_04082,BT5 B,M,ALIM2_194,3.0,12,3,3.224798387097,1,,1 de los últimos 3 meses con consumo cero · Variación elevada entre lecturas recientes,Primera ronda,Dentro del rango histórico,No determinable con estos datos
SUM2_014785,0.9251705085743221,0.8677626694497679,0.9251705085743221,0.007416939776346216,0.9144174978109926,0.9371748431415404,0.0,partial,True,11.0,SED2_03054,BT5 B,T,ALIM2_194,9.9,5,3,3.405566370041,0,-87.2336855103785,Consumo reciente 87% menor que los 3 meses previos · Variación elevada entre lecturas recientes,Primera ronda,Dentro del rango histórico,No determinable con estos datos
SUM2_008200,0.9251607301104376,0.7988892665850715,0.9251607301104376,0.00790214260745678,0.9141285598934351,0.9369034367060687,0.0,complete,True,12.0,SED2_03307,BT5 B,M,ALIM2_194,6.0,12,3,1.700268817204,1,-27.98277161794509,Consumo reciente 28% menor que los 3 meses previos · 1 de los últimos 3 meses con consumo cero · Descenso en dos meses consecutivos · Variación elevada entre lecturas recientes,Primera ronda,Dentro del rango histórico,No determinable con estos datos
SUM2_017253,0.9204695133801175,0.8167877964039005,0.9204695133801175,0.015673818060735985,0.9035943707761936,0.9488007068141541,0.0,complete,True,13.0,SED2_02473,BT5 B,T,ALIM2_194,9.9,6,3,0.846774193548,1,,1 de los últimos 3 meses con consumo cero · Variación elevada entre lecturas recientes,Primera ronda,Dentro del rango histórico,No determinable con estos datos
SUM2_001071,0.9148333883949537,0.792297728354778,0.9148333883949537,0.009835537995944423,0.9023370502770116,0.9289502440386889,0.0,complete,True,14.0,SED2_06000,BT5 B,M,ALIM2_194,3.0,12,3,1.23622311828,1,-39.85451117940079,Consumo reciente 40% menor que los 3 meses previos · 1 de los últimos 3 meses con consumo cero · Descenso en dos meses consecutivos · Variación elevada entre lecturas recientes,Primera ronda,Dentro del rango histórico,No determinable con estos datos
SUM2_017971,0.9097851647222477,0.8083497631230573,0.9097851647222477,0.02261112422979813,0.8748127170788348,0.9448385966186763,0.0,complete,True,15.0,SED2_01859,BT5 B,T,ALIM2_194,9.9,12,3,0.835685483871,1,-30.913754985804854,Consumo reciente 31% menor que los 3 meses previos · 1 de los últimos 3 meses con consumo cero · Descenso en dos meses consecutivos · Variación elevada entre lecturas recientes,Primera ronda,Dentro del rango histórico,No determinable con estos datos
SUM2_010833,0.9091466691849426,0.7437367404228108,0.9091466691849426,0.00960682667988301,0.8984633267829317,0.9216510998516596,0.0,complete,True,16.0,SED2_09552,BT5 B,M,ALIM2_194,9.0,12,3,0.840517241379,1,-50.548057144518886,Consumo reciente 51% menor que los 3 meses previos · 1 de los últimos 3 meses con consumo cero · Variación elevada entre lecturas recientes,Primera ronda,Dentro del rango histórico,No determinable con estos datos
SUM2_007287,0.9079660015421555,0.7836469467288847,0.9079660015421555,0.008489931731733008,0.8999676176618996,0.9232857611050838,0.0,complete,True,17.0,SED2_03211,BT5 B,T,ALIM2_194,9.9,10,3,98.391244901743,0,-50.981716683311504,Consumo reciente 51% menor que los 3 meses previos,Primera ronda,Dentro del rango histórico,No determinable con estos datos
SUM2_005967,0.9066016053152033,0.6938316870607425,0.9066016053152033,0.009472945110556746,0.8959147496564146,0.9204267782160581,0.0,complete,True,18.0,SED2_08679,BT5 B,M,ALIM2_194,3.0,12,3,0.563172043011,1,-79.433442194524,Consumo reciente 79% menor que los 3 meses previos · 1 de los últimos 3 meses con consumo cero · Descenso en dos meses consecutivos · Variación elevada entre lecturas recientes,Primera ronda,Dentro del rango histórico,No determinable con estos datos
SUM2_008805,0.9055946803231129,0.7641288329857823,0.9055946803231129,0.014035808823410649,0.8835062093270218,0.924503873598258,0.0,complete,True,19.0,SED2_01859,BT5 B,T,ALIM2_194,9.9,12,3,1.168682795699,1,-10.876198779463886,1 de los últimos 3 meses con consumo cero · Descenso en dos meses consecutivos · Variación elevada entre lecturas recientes,Primera ronda,Dentro del rango histórico,No determinable con estos datos
SUM2_003199,0.9042608356273257,0.7043171154742854,0.9042608356273257,0.010256279835710216,0.8919544036449952,0.9197381362639863,0.0,complete,True,20.0,SED2_03850,BT5 B,M,ALIM2_194,3.0,12,3,0.458669354839,1,-71.50799949710725,Consumo reciente 72% menor que los 3 meses previos · 1 de los últimos 3 meses con consumo cero · Descenso en dos meses consecutivos · Variación elevada entre lecturas recientes,Primera ronda,Dentro del rango histórico,No determinable con estos datos
SUM2_005823,0.9040029689670046,0.9117864720322704,0.9040029689670046,0.01805578663360334,0.8696047067185029,0.9231469683054214,0.0,complete,True,21.0,SED2_01859,BT5 B,T,ALIM2_194,9.9,12,3,3.192204301075,1,45.69011105234016,1 de los últimos 3 meses con consumo cero · Variación elevada entre lecturas recientes,Primera ronda,Dentro del rango histórico,No determinable con estos datos
SUM2_017555,0.9030695766708211,0.6974056492332424,0.9030695766708211,0.010236254793827866,0.8899198853225989,0.9197381362639863,0.0,complete,True,22.0,SED2_06441,BT5 B,T,ALIM2_194,9.9,12,3,0.437836021505,1,-77.85015535628466,Consumo reciente 78% menor que los 3 meses previos · 1 de los últimos 3 meses con consumo cero · Descenso en dos meses consecutivos · Variación elevada entre lecturas recientes,Primera ronda,Dentro del rango histórico,No determinable con estos datos
SUM2_007110,0.9018918161461539,0.8324668438838971,0.9018918161461539,0.007429737236336381,0.8889325907548422,0.9084170652950432,0.0,complete,True,23.0,SED2_03850,BT5 B,T,ALIM2_194,9.9,12,3,1.372462458287,0,-61.112710073564394,Consumo reciente 61% menor que los 3 meses previos · Variación elevada entre lecturas recientes,Primera ronda,Dentro del rango histórico,No determinable con estos datos
SUM2_016162,0.8958283757812218,0.7362934423118952,0.8958283757812218,0.003772526825147602,0.8903200928390269,0.8994147307988699,0.0,partial,True,24.0,SED2_06533,BT5 B,M,ALIM2_194,9.0,5,3,1.336264831294,0,-37.67013471054368,Consumo reciente 38% menor que los 3 meses previos · Variación elevada entre lecturas recientes,Primera ronda,Dentro del rango histórico,No determinable con estos datos
SUM2_015554,0.8926748399263555,0.7783506008316448,0.8926748399263555,0.009966667538532563,0.876668040134747,0.9047444333666729,0.0,complete,True,25.0,SED2_07902,BT5 B,T,ALIM2_194,9.9,12,3,2.712180200222,0,-75.72431302270553,Consumo reciente 76% menor que los 3 meses previos,Primera ronda,Dentro del rango histórico,No determinable con estos datos
SUM2_014301,0.8926067480327072,0.8167910012414655,0.8926067480327072,0.0209672869087467,0.8517533151453114,0.9096127102982504,0.0,complete,True,26.0,SED2_08029,BT5 B,T,ALIM2_194,44.53,12,3,9.373737373737,0,-24.414083026807244,Consumo reciente 24% menor que los 3 meses previos · Variación elevada entre lecturas recientes,Primera ronda,Dentro del rango histórico,No determinable con estos datos
SUM2_006826,0.8916117814919039,0.6686893980575953,0.8916117814919039,0.01743971279847357,0.8665194646302175,0.9156860895061273,0.0,complete,True,27.0,SED2_01784,BT5 B,M,ALIM2_194,3.0,12,3,0.69623655914,1,-46.59091313106938,Consumo reciente 47% menor que los 3 meses previos · 1 de los últimos 3 meses con consumo cero · Descenso en dos meses consecutivos · Variación elevada entre lecturas recientes,Primera ronda,Dentro del rango histórico,No determinable con estos datos
SUM2_011060,0.890432245345346,0.5374396718731946,0.890432245345346,0.01861818279844471,0.8669006221013387,0.9129230230138174,0.0,complete,True,28.0,SED2_04082,BT5 B,T,ALIM2_194,9.9,12,3,0.318965517241,1,-23.885714285987834,Consumo reciente 24% menor que los 3 meses previos · 1 de los últimos 3 meses con consumo cero · Variación elevada entre lecturas recientes,Primera ronda,Dentro del rango histórico,No determinable con estos datos
SUM2_007720,0.8899444149346731,0.7878086872812649,0.8899444149346731,0.01649650512096475,0.8642871493294816,0.9057894373833385,0.0,complete,True,29.0,SED2_01806,BT5 B,T,ALIM2_194,3.0,7,3,775.382369299221,0,313.91787776672527,Prioridad por el patrón combinado de consumo,Primera ronda,Dentro del rango histórico,No determinable con estos datos
SUM2_008872,0.8868811004905413,0.6960419274030022,0.8868811004905413,0.01696336475836853,0.8709532514556864,0.917667670282024,0.0,complete,True,30.0,SED2_05545,BT5 B,T,ALIM2_194,9.9,12,3,0.820564516129,1,-83.16186952117336,Consumo reciente 83% menor que los 3 meses previos · 1 de los últimos 3 meses con consumo cero · Descenso en dos meses consecutivos · Variación elevada entre lecturas recientes,Primera ronda,Dentro del rango histórico,No determinable con estos datos
SUM2_010723,0.885196864253315,0.75383919429925,0.885196864253315,0.018882051843298442,0.850662717406578,0.9054869191167902,0.0,complete,True,31.0,SED2_00634,BT5 B,T,ALIM2_194,19.9,12,3,6.195970059325,0,-70.76352174202712,Consumo reciente 71% menor que los 3 meses previos · Variación elevada entre lecturas recientes,Primera ronda,Dentro del rango histórico,No determinable con estos datos
SUM2_007163,0.8782630286924681,0.7370269324057428,0.8782630286924681,0.019896874618274343,0.8551932018579164,0.9069632047874445,0.0,complete,True,32.0,SED2_04658,BT5 B,T,ALIM2_194,50.0,10,3,221.059047089359,0,,Descenso en dos meses consecutivos · Variación elevada entre lecturas recientes,Primera ronda,Dentro del rango histórico,No determinable con estos datos
SUM2_000813,0.8767352580224917,0.6570773088250037,0.8767352580224917,0.018911393746119116,0.8558091223839921,0.9116241331285133,0.0,complete,True,33.0,SED2_07902,BT5 B,M,ALIM2_194,9.0,12,3,0.724798387097,1,-53.256145531900245,Consumo reciente 53% menor que los 3 meses previos · 1 de los últimos 3 meses con consumo cero · Descenso en dos meses consecutivos · Variación elevada entre lecturas recientes,Primera ronda,Dentro del rango histórico,No determinable con estos datos
SUM2_016403,0.875347099357831,0.738808243494014,0.875347099357831,0.01378262143357652,0.8556888853215728,0.8943199876883673,0.0,complete,True,34.0,SED2_04833,BT5 B,T,ALIM2_194,9.9,12,3,3.965969132369,0,726.7715204043396,Variación elevada entre lecturas recientes,Primera ronda,Dentro del rango histórico,No determinable con estos datos
SUM2_014796,0.8725827422523826,0.7210491457431099,0.8725827422523826,0.011218961602223404,0.8596150630595549,0.8872437246067371,0.0,complete,True,35.0,SED2_00653,BT5 B,T,ALIM2_194,9.9,12,3,12.457649703374,0,-5.939203801824777,Prioridad por el patrón combinado de consumo,Primera ronda,Dentro del rango histórico,No determinable con estos datos
SUM2_000278,0.8704020519349074,0.6293907377104612,0.8704020519349074,0.016541767268422197,0.840016454058971,0.8860650400773857,0.0,complete,True,36.0,SED2_07902,BT5 B,M,ALIM2_194,9.0,12,3,1.126691694475,0,-32.813586803849994,Consumo reciente 33% menor que los 3 meses previos,Primera ronda,Dentro del rango histórico,No determinable con estos datos
SUM2_012172,0.8695415681713958,0.620902650794127,0.8695415681713958,0.010796002165712951,0.85869626606134,0.884556671225776,0.1111111111111111,complete,True,37.0,SED2_06000,BT5 B,T,ALIM2_194,9.9,12,3,0.689655172414,2,-46.60734149050148,Consumo reciente 47% menor que los 3 meses previos · 2 de los últimos 3 meses con consumo cero · Variación elevada entre lecturas recientes,Primera ronda,Dentro del rango histórico,No determinable con estos datos
SUM2_010485,0.8693582020110047,0.6056572457723352,0.8693582020110047,0.010544270091725687,0.85869626606134,0.8836398404238192,0.4444444444444444,complete,True,38.0,SED2_01742,BT5 B,T,ALIM2_194,9.9,12,3,5.51724137931,2,-92.76400090450038,Consumo reciente 93% menor que los 3 meses previos · 2 de los últimos 3 meses con consumo cero · Variación elevada entre lecturas recientes,Primera ronda,Fuera del rango histórico,No determinable con estos datos
SUM2_002843,0.8692235108443761,0.5409170900870817,0.8692235108443761,0.011444893796033707,0.8484074046228821,0.8799623637697308,0.0,complete,True,39.0,SED2_05263,BT5 B,M,ALIM2_194,3.0,12,3,3.34992584353,0,-15.610241161977212,Descenso en dos meses consecutivos · Variación elevada entre lecturas recientes,Primera ronda,Dentro del rango histórico,No determinable con estos datos
SUM2_018055,0.8685929100995138,0.5897755963921674,0.8685929100995138,0.02621725805517618,0.8271374861775398,0.8988739760868646,0.0,complete,True,40.0,SED2_01349,BT5 B,T,ALIM2_194,9.9,10,3,0.495967741935,1,-63.26360364107679,Consumo reciente 63% menor que los 3 meses previos · 1 de los últimos 3 meses con consumo cero · Descenso en dos meses consecutivos · Variación elevada entre lecturas recientes,Primera ronda,Dentro del rango histórico,No determinable con estos datos
SUM2_010209,0.8685003471036797,0.659272027557616,0.8685003471036797,0.014641803072440942,0.8444208603029347,0.8906456724908306,0.0,complete,True,41.0,SED2_03850,BT5 B,T,ALIM2_194,9.9,10,3,11.034297367445,0,-41.16018310312762,Consumo reciente 41% menor que los 3 meses previos · Descenso en dos meses consecutivos · Variación elevada entre lecturas recientes,Primera ronda,Dentro del rango histórico,No determinable con estos datos
SUM2_018784,0.8680783546457926,0.6080283301238769,0.8680783546457926,0.008968914643091325,0.8518158704866652,0.8765275385373403,0.0,complete,True,42.0,SED2_01859,BT5 B,M,ALIM2_194,3.0,12,3,1.179087875417,0,-37.094425125344245,Consumo reciente 37% menor que los 3 meses previos,Primera ronda,Dentro del rango histórico,No determinable con estos datos
SUM2_001283,0.8679037582303021,0.6054290264614579,0.8679037582303021,0.0157113361980218,0.8496105928474852,0.8949415022246001,0.0,complete,True,43.0,SED2_07824,BT5 B,T,ALIM2_194,9.9,12,3,2.749872543567,0,2.286205703667221,Prioridad por el patrón combinado de consumo,Primera ronda,Dentro del rango histórico,No determinable con estos datos
SUM2_003069,0.8676628992062134,0.7333389344744982,0.8676628992062134,0.010597510074768082,0.857385187039411,0.8851853530117978,0.0,complete,True,44.0,SED2_02938,BT5 B,T,ALIM2_194,9.9,12,3,2.026638394512,0,-46.28797949137472,Consumo reciente 46% menor que los 3 meses previos,Primera ronda,Dentro del rango histórico,No determinable con estos datos
SUM2_007577,0.8666814325725474,0.7445055184128871,0.8666814325725474,0.02229333396777399,0.8444599936429266,0.9090539722698439,0.0,complete,True,45.0,SED2_09552,BT5 B,M,ALIM2_194,3.0,12,3,6.748852892102,0,44.02261621893801,Descenso en dos meses consecutivos,Primera ronda,Dentro del rango histórico,No determinable con estos datos
SUM2_002005,0.8658698038022704,0.6334033568860923,0.8658698038022704,0.007729500781606455,0.8589509429703899,0.8804976399075547,0.0,complete,True,46.0,SED2_03850,BT5 B,T,ALIM2_194,9.9,12,3,0.459770114943,2,-46.607341490483435,Consumo reciente 47% menor que los 3 meses previos · 2 de los últimos 3 meses con consumo cero · Variación elevada entre lecturas recientes,Primera ronda,Dentro del rango histórico,No determinable con estos datos
SUM2_012391,0.8658698038022704,0.6334033568860923,0.8658698038022704,0.007729500781606455,0.8589509429703899,0.8804976399075547,0.0,complete,True,47.0,SED2_07411,BT5 B,T,ALIM2_194,9.9,10,3,0.471264367816,2,522.5877886780044,2 de los últimos 3 meses con consumo cero · Variación elevada entre lecturas recientes,Primera ronda,Dentro del rango histórico,No determinable con estos datos
SUM2_005472,0.8654350181735178,0.6646763359753315,0.8654350181735178,0.01689888439419748,0.8384781322649002,0.8899362732573312,0.0,complete,True,48.0,SED2_01859,BT5 B,T,ALIM2_194,9.9,12,3,0.487903225806,1,78.50743568954175,1 de los últimos 3 meses con consumo cero · Variación elevada entre lecturas recientes,Primera ronda,Dentro del rango histórico,No determinable con estos datos
SUM2_009248,0.865293259021404,0.7768742905642618,0.865293259021404,0.011251469509018043,0.8547663055517639,0.8794593858276842,0.0,complete,True,49.0,SED2_07902,BT5 B,M,ALIM2_194,3.0,12,3,4.021551724138,0,2.914175918039885,Prioridad por el patrón combinado de consumo,Primera ronda,Dentro del rango histórico,No determinable con estos datos
SUM2_003798,0.8641442035460175,0.4551800183866579,0.8641442035460175,0.012134197353614224,0.8485568016934499,0.885969481269726,0.0,complete,True,50.0,SED2_01859,BT5 B,T,ALIM2_194,9.9,12,3,2.463060808306,0,-45.20962698630727,Consumo reciente 45% menor que los 3 meses previos · Descenso en dos meses consecutivos · Variación elevada entre lecturas recientes,Primera ronda,Dentro del rango histórico,No determinable con estos datos
SUM2_013163,0.8627828779924703,0.5829733308590807,0.8627828779924703,0.013276569928646757,0.8471035018842191,0.8831779839149442,0.0,complete,True,51.0,SED2_01742,BT5 B,M,ALIM2_194,6.0,12,3,1.860226640712,0,-64.636470835284,Consumo reciente 65% menor que los 3 meses previos · Descenso en dos meses consecutivos · Variación elevada entre lecturas recientes,Primera ronda,Dentro del rango histórico,No determinable con estos datos
SUM2_006819,0.8620676274028778,0.7211252876407175,0.8620676274028778,0.009507307973186965,0.8530522878038648,0.8788480755499424,0.0,complete,True,52.0,SED2_03288,BT5 B,T,ALIM2_194,9.9,12,3,2.531586021505,0,1042.784912522599,Variación elevada entre lecturas recientes,Primera ronda,Dentro del rango histórico,No determinable con estos datos
SUM2_016997,0.8616371365685911,0.6693795556851215,0.8616371365685911,0.01252214007702087,0.8425927919298611,0.8808490802578716,0.0,complete,True,53.0,SED2_01859,BT5 B,M,ALIM2_194,6.0,12,3,3.42153318502,0,-15.850559311145796,Descenso en dos meses consecutivos,Primera ronda,Dentro del rango histórico,No determinable con estos datos
SUM2_018396,0.8615415576845713,0.6686422417486506,0.8615415576845713,0.013470453147872322,0.8463574463583843,0.8817158297715002,0.0,complete,True,54.0,SED2_07902,BT5 B,M,ALIM2_194,3.0,12,3,5.943895995551,0,-15.97291382743663,Prioridad por el patrón combinado de consumo,Primera ronda,Dentro del rango histórico,No determinable con estos datos
SUM2_007962,0.8606820734550494,0.6835284557476606,0.8606820734550494,0.010105355661917212,0.8465880840963792,0.8764845496034865,0.0,complete,True,55.0,SED2_04624,BT5 B,T,ALIM2_194,9.9,12,3,25.570541342232,0,61.860456928946085,Descenso en dos meses consecutivos,Primera ronda,Dentro del rango histórico,No determinable con estos datos
SUM2_008058,0.8605572187805788,0.7381031326022633,0.8605572187805788,0.017159376622585137,0.8425071447741179,0.8896673524266258,0.0,complete,True,56.0,SED2_04387,BT5 B,M,ALIM2_194,6.0,12,3,3.001228216537,0,-66.3178472661697,Consumo reciente 66% menor que los 3 meses previos,Primera ronda,Dentro del rango histórico,No determinable con estos datos
SUM2_002527,0.859687980931578,0.704900031964904,0.859687980931578,0.01039604988468491,0.8445842356301065,0.8763475982564033,0.0,complete,True,57.0,SED2_05263,BT5 B,T,ALIM2_194,9.9,12,3,35.23960650723,0,-25.462490921316604,Consumo reciente 25% menor que los 3 meses previos · Descenso en dos meses consecutivos,Primera ronda,Dentro del rango histórico,No determinable con estos datos
SUM2_000924,0.8589040146642046,0.48646827311321356,0.8589040146642046,0.024102934382467377,0.8281845918908555,0.8939475646448934,0.0,partial,True,58.0,SED2_01859,BT5 B,M,ALIM2_194,9.0,5,3,0.145833333333,2,1008.3333332332668,2 de los últimos 3 meses con consumo cero · Variación elevada entre lecturas recientes,Primera ronda,Dentro del rango histórico,No determinable con estos datos
SUM2_009676,0.8584517193109447,0.7437281398356569,0.8584517193109447,0.029445942568987818,0.8078210135252423,0.8869700575927145,0.0,complete,True,59.0,SED2_00361,BT5 B,T,ALIM2_194,9.9,12,3,0.375,1,1100.0,1 de los últimos 3 meses con consumo cero · Variación elevada entre lecturas recientes,Primera ronda,Dentro del rango histórico,No determinable con estos datos
SUM2_002881,0.8578252952039455,0.6651118840452102,0.8578252952039455,0.020327244008730722,0.8395923064359273,0.895521695166982,0.0,complete,True,60.0,SED2_00653,BT5 B,T,ALIM2_194,9.9,12,3,12.63636679644,0,83.64562246620362,Descenso en dos meses consecutivos,Primera ronda,Dentro del rango histórico,No determinable con estos datos
SUM2_012481,0.8577847317875769,0.45720833278319545,0.8577847317875769,0.020755867717914264,0.8281930422068938,0.8871128473649442,0.0,complete,True,61.0,SED2_01349,BT5 B,T,ALIM2_194,9.9,12,3,0.316068780126,0,218.04897007382613,Variación elevada entre lecturas recientes,Primera ronda,Dentro del rango histórico,No determinable con estos datos
SUM2_014362,0.8567674132233094,0.7386038190836615,0.8567674132233094,0.015363393555070194,0.8306752783111127,0.8744608385272268,0.0,complete,True,62.0,SED2_00653,BT5 B,M,ALIM2_194,3.0,12,3,0.989652855024,0,56.794533825677696,Variación elevada entre lecturas recientes,Primera ronda,Dentro del rango histórico,No determinable con estos datos
SUM2_010945,0.8566777196900641,0.5721653058767385,0.8566777196900641,0.013746295266736642,0.8400462790244357,0.8744810946235609,0.0,complete,True,63.0,SED2_02988,BT5 B,T,ALIM2_194,9.9,10,3,282.766291249536,0,135.9236030119168,Prioridad por el patrón combinado de consumo,Primera ronda,Dentro del rango histórico,No determinable con estos datos
SUM2_016413,0.8559119391372739,0.6071728953777716,0.8559119391372739,0.014832569729426884,0.8415033860086968,0.878707233275445,0.0,complete,True,64.0,SED2_02938,BT5 B,M,ALIM2_194,3.0,12,3,3.015572858732,0,-25.717095358509102,Consumo reciente 26% menor que los 3 meses previos · Descenso en dos meses consecutivos · Variación elevada entre lecturas recientes,Primera ronda,Dentro del rango histórico,No determinable con estos datos
SUM2_018253,0.8557849327832017,0.5294225385387487,0.8557849327832017,0.016205647028049417,0.8420814262374745,0.8799709892769855,0.0,complete,True,65.0,SED2_09291,BT5 B,M,ALIM2_194,9.0,11,3,1.060483870968,0,-53.40298142716329,Consumo reciente 53% menor que los 3 meses previos · Descenso en dos meses consecutivos · Variación elevada entre lecturas recientes,Primera ronda,Dentro del rango histórico,No determinable con estos datos
SUM2_017302,0.8554216472961397,0.6761881360841955,0.8554216472961397,0.021364189739784697,0.8331043510954869,0.8937346304553914,0.0,complete,True,66.0,SED2_03850,BT5 B,M,ALIM2_194,6.0,12,3,10.687963477938,0,-37.67585830202954,Consumo reciente 38% menor que los 3 meses previos · Descenso en dos meses consecutivos,Primera ronda,Dentro del rango histórico,No determinable con estos datos
SUM2_000847,0.8544531290430903,0.7323849086105566,0.8544531290430903,0.004690719359610463,0.8483756695914222,0.8602854455308183,0.0,complete,True,67.0,SED2_07411,BT5 B,T,ALIM2_194,19.9,12,3,23.556370504264,0,26.249745855982365,Prioridad por el patrón combinado de consumo,Primera ronda,Dentro del rango histórico,No determinable con estos datos
SUM2_017815,0.8540887550887554,0.541043041246453,0.8540887550887554,0.014761783637627502,0.8405189562966007,0.8757309762113327,0.0,complete,True,68.0,SED2_07902,BT5 B,T,ALIM2_194,9.9,12,3,1.913144234334,0,-2.719645550570826,Descenso en dos meses consecutivos,Primera ronda,Dentro del rango histórico,No determinable con estos datos
SUM2_016601,0.8540228454619128,0.635159002431523,0.8540228454619128,0.012425706678345283,0.8364162011983455,0.8672086551502927,0.0,complete,True,69.0,SED2_05263,BT5 B,T,ALIM2_194,9.9,12,3,2.354757601038,0,-57.324093437544235,Consumo reciente 57% menor que los 3 meses previos,Primera ronda,Dentro del rango histórico,No determinable con estos datos
SUM2_018545,0.8533039939771847,0.5573884983103815,0.8533039939771847,0.010183754942683605,0.8422526017905516,0.8701323774733986,0.0,complete,True,70.0,SED2_07902,BT5 B,M,ALIM2_194,3.0,12,3,2.978772710419,0,-27.993636282163404,Consumo reciente 28% menor que los 3 meses previos · Descenso en dos meses consecutivos,Primera ronda,Dentro del rango histórico,No determinable con estos datos
SUM2_002833,0.8530839313399824,0.5552096594088339,0.8530839313399824,0.016094814409423692,0.8235705994097687,0.8656678338112411,0.0,complete,True,71.0,SED2_05690,BT5 B,T,ALIM2_194,9.9,12,3,3.756164256581,0,-62.43538896636428,Consumo reciente 62% menor que los 3 meses previos,Primera ronda,Dentro del rango histórico,No determinable con estos datos
SUM2_017390,0.8530169137514182,0.4337673950933233,0.8530169137514182,0.023056699870528465,0.8244779968350655,0.8891385275842726,0.0,complete,True,72.0,SED2_06127,BT5 B,M,ALIM2_194,6.0,12,3,0.208669354839,1,-4.941286592420213,1 de los últimos 3 meses con consumo cero · Descenso en dos meses consecutivos · Variación elevada entre lecturas recientes,Primera ronda,Dentro del rango histórico,No determinable con estos datos
SUM2_016511,0.8525788520265756,0.5852631482416907,0.8525788520265756,0.009415482759320908,0.8362624804432667,0.8645373847655426,0.0,complete,True,73.0,SED2_07902,BT5 B,M,ALIM2_194,9.0,12,3,6.096820541342,0,-50.08376923418032,Consumo reciente 50% menor que los 3 meses previos · Descenso en dos meses consecutivos,Primera ronda,Dentro del rango histórico,No determinable con estos datos
SUM2_005418,0.8520227668458327,0.7553688188764373,0.8520227668458327,0.0031315324656247573,0.8484907253148396,0.8572277327728816,0.0,complete,True,74.0,SED2_01806,BT5 B,T,ALIM2_194,9.9,12,3,8.508342602892,0,57.0541817934394,Prioridad por el patrón combinado de consumo,Primera ronda,Dentro del rango histórico,No determinable con estos datos
SUM2_018677,0.8514218633926894,0.5700210219532734,0.8514218633926894,0.010234826854372906,0.8351277083688008,0.8646354153323821,0.0,complete,True,75.0,SED2_04700,BT5 B,T,ALIM2_194,9.9,12,3,2.513869577308,0,-59.27297806575012,Consumo reciente 59% menor que los 3 meses previos,Primera ronda,Dentro del rango histórico,No determinable con estos datos
SUM2_001715,0.8513479322459852,0.7390095219333768,0.8513479322459852,0.011634279107520093,0.829914303646097,0.862524730769148,0.0,complete,True,76.0,SED2_07497,BT5 B,M,ALIM2_194,6.0,12,3,5.21317667779,0,-9.91792227263547,Prioridad por el patrón combinado de consumo,Primera ronda,Dentro del rango histórico,No determinable con estos datos
