file,column,dtype,nulls,unique,negative,zero,invalid_numeric,min,max
ALIMENTADOR_2024.xlsx,SUMINISTRO_ID,str,0,6346,,,,SUM2_000004,SUM2_019006
ALIMENTADOR_2024.xlsx,TARIFA,str,0,3,,,,BT5 B,BT6
ALIMENTADOR_2024.xlsx,ACOMETIDA AEREA/SUBTERRANEA,str,1,2,,,,A,S
ALIMENTADOR_2024.xlsx,POTENCIA USUARIO CONTRATADO,float64,0,30,0.0,0.0,0.0,0.2,50.0
ALIMENTADOR_2024.xlsx,TIPO CONEXIONADO,str,13,2,,,,M,T
ALIMENTADOR_2024.xlsx,SET_ID,str,0,1,,,,SET2_35,SET2_35
ALIMENTADOR_2024.xlsx,ALIMENTADOR_ID,str,0,1,,,,ALIM2_194,ALIM2_194
ALIMENTADOR_2024.xlsx,SED_ID,str,0,105,,,,SED2_00055,SED2_09820
ALIMENTADOR_2024.xlsx,LLAVE_ID,str,0,8,,,,LLAVE2_09,LLAVE2_21
ALIMENTADOR_2024.xlsx,FECHA LECTURA ENERO,datetime64[us],361,23,,,,2023-12-13,2024-01-25
ALIMENTADOR_2024.xlsx,"DIAS FACTURADO
ENERO",float64,361,67,0.0,0.0,0.0,17.0,4958.0
ALIMENTADOR_2024.xlsx,CONSUMO ENERO,float64,361,922,0.0,498.0,0.0,0.0,16600.0
ALIMENTADOR_2024.xlsx,FECHA LECTURA FEBRERO,datetime64[us],350,22,,,,2024-01-12,2024-02-24
ALIMENTADOR_2024.xlsx,"DIAS FACTURADO
FEBRERO",float64,350,64,0.0,0.0,0.0,20.0,4989.0
ALIMENTADOR_2024.xlsx,CONSUMO FEBRERO,float64,350,969,0.0,481.0,0.0,0.0,22160.0
ALIMENTADOR_2024.xlsx,FECHA LECTURA MARZO,datetime64[us],193,20,,,,2024-02-21,2024-03-26
ALIMENTADOR_2024.xlsx,"DIAS FACTURADO
MARZO",float64,193,64,0.0,0.0,0.0,19.0,5019.0
ALIMENTADOR_2024.xlsx,CONSUMO MARZO,float64,193,966,0.0,625.0,0.0,0.0,40400.0
ALIMENTADOR_2024.xlsx,FECHA LECTURA ABRIL,datetime64[us],173,20,,,,2024-03-22,2024-04-25
ALIMENTADOR_2024.xlsx,"DIAS FACTURADO
ABRIL",float64,173,60,0.0,0.0,0.0,16.0,5049.0
ALIMENTADOR_2024.xlsx,CONSUMO ABRIL,float64,173,950,0.0,629.0,0.0,0.0,27520.0
ALIMENTADOR_2024.xlsx,FECHA LECTURA MAYO,datetime64[us],162,20,,,,2024-04-22,2024-05-27
ALIMENTADOR_2024.xlsx,"DIAS FACTURADO
MAYO",float64,162,60,0.0,0.0,0.0,18.0,5080.0
ALIMENTADOR_2024.xlsx,CONSUMO MAYO,float64,162,915,0.0,625.0,0.0,0.0,25280.0
ALIMENTADOR_2024.xlsx,FECHA LECTURA JUNIO,datetime64[us],135,20,,,,2024-05-22,2024-06-25
ALIMENTADOR_2024.xlsx,"DIAS FACTURADO
JUNIO",float64,135,64,0.0,0.0,0.0,15.0,5110.0
ALIMENTADOR_2024.xlsx,CONSUMO JUNIO,float64,135,891,0.0,633.0,0.0,0.0,25600.0
ALIMENTADOR_2024.xlsx,FECHA LECTURA JULIO,datetime64[us],118,20,,,,2024-06-21,2024-07-26
ALIMENTADOR_2024.xlsx,"DIAS FACTURADO
JULIO",float64,118,67,0.0,0.0,0.0,17.0,5140.0
ALIMENTADOR_2024.xlsx,CONSUMO JULIO,float64,118,885,0.0,629.0,0.0,0.0,30800.0
ALIMENTADOR_2024.xlsx,FECHA LECTURA AGOSTO,datetime64[us],80,20,,,,2024-07-25,2024-08-24
ALIMENTADOR_2024.xlsx,"DIAS FACTURADO
AGOSTO",float64,80,66,0.0,0.0,0.0,16.0,5171.0
ALIMENTADOR_2024.xlsx,CONSUMO AGOSTO,float64,80,891,0.0,646.0,0.0,0.0,26240.0
ALIMENTADOR_2024.xlsx,FECHA LECTURA SETIEMBRE,datetime64[us],67,21,,,,2024-08-22,2024-09-25
ALIMENTADOR_2024.xlsx,"DIAS FACTURADO
SETIEMBRE",float64,67,65,0.0,0.0,0.0,15.0,5202.0
ALIMENTADOR_2024.xlsx,CONSUMO SETIEMBRE,float64,67,909,0.0,640.0,0.0,0.0,34400.0
ALIMENTADOR_2024.xlsx,FECHA LECTURA OCTUBRE,datetime64[us],34,21,,,,2024-09-12,2024-10-28
ALIMENTADOR_2024.xlsx,"DIAS FACTURADO
OCTUBRE",float64,34,63,0.0,0.0,0.0,16.0,5234.0
ALIMENTADOR_2024.xlsx,CONSUMO OCTUBRE,float64,34,934,0.0,615.0,0.0,0.0,34080.0
ALIMENTADOR_2024.xlsx,FECHA LECTURA NOVIEMBRE,datetime64[us],23,19,,,,2024-10-14,2024-11-26
ALIMENTADOR_2024.xlsx,"DIAS FACTURADO
NOVIEMBRE",float64,23,63,0.0,0.0,0.0,15.0,5264.0
ALIMENTADOR_2024.xlsx,CONSUMO NOVIEMBRE,float64,23,924,0.0,623.0,0.0,0.0,26360.0
ALIMENTADOR_2024.xlsx,FECHA LECTURA DICIEMBRE,datetime64[us],18,17,,,,2024-11-25,2024-12-27
ALIMENTADOR_2024.xlsx,"DIAS FACTURADO
DICIEMBRE",float64,1,57,0.0,17.0,0.0,0.0,5293.0
ALIMENTADOR_2024.xlsx,CONSUMO DICIEMBRE,float64,1,909,0.0,648.0,0.0,0.0,38480.0
ALIMENTADOR_2025.xlsx,SUMINISTRO_ID,str,0,4904,,,,SUM2_000004,SUM2_019006
ALIMENTADOR_2025.xlsx,TARIFA,str,0,3,,,,BT5 B,BT6
ALIMENTADOR_2025.xlsx,ACOMETIDA AEREA/SUBTERRANEA,str,1,2,,,,A,S
ALIMENTADOR_2025.xlsx,POTENCIA USUARIO CONTRATADO,float64,0,24,0.0,0.0,0.0,0.2,50.0
ALIMENTADOR_2025.xlsx,TIPO CONEXIONADO,str,10,2,,,,M,T
ALIMENTADOR_2025.xlsx,SET_ID,str,0,1,,,,SET2_35,SET2_35
ALIMENTADOR_2025.xlsx,ALIMENTADOR_ID,str,0,1,,,,ALIM2_194,ALIM2_194
ALIMENTADOR_2025.xlsx,SED_ID,str,0,89,,,,SED2_00195,SED2_09785
ALIMENTADOR_2025.xlsx,LLAVE_ID,str,0,5,,,,LLAVE2_09,LLAVE2_21
ALIMENTADOR_2025.xlsx,FECHA LECTURA ENERO,datetime64[us],134,18,,,,2024-09-12,2025-01-25
ALIMENTADOR_2025.xlsx,"DIAS FACTURADO
ENERO",float64,134,50,0.0,0.0,0.0,16.0,5325.0
ALIMENTADOR_2025.xlsx,CONSUMO ENERO,float64,134,863,0.0,424.0,0.0,0.0,38560.0
ALIMENTADOR_2025.xlsx,FECHA LECTURA FEBRERO,datetime64[us],128,18,,,,2024-10-14,2025-02-25
ALIMENTADOR_2025.xlsx,"DIAS FACTURADO
FEBRERO",float64,128,46,0.0,0.0,0.0,21.0,5355.0
ALIMENTADOR_2025.xlsx,CONSUMO FEBRERO,float64,128,861,0.0,407.0,0.0,0.0,22280.0
ALIMENTADOR_2025.xlsx,FECHA LECTURA MARZO,datetime64[us],118,17,,,,2025-03-03,2025-03-25
ALIMENTADOR_2025.xlsx,"DIAS FACTURADO
MARZO",float64,118,49,0.0,0.0,0.0,15.0,5383.0
ALIMENTADOR_2025.xlsx,CONSUMO MARZO,float64,118,849,0.0,428.0,0.0,0.0,23880.0
ALIMENTADOR_2025.xlsx,FECHA LECTURA ABRIL,datetime64[us],103,17,,,,2025-04-02,2025-04-26
ALIMENTADOR_2025.xlsx,"DIAS FACTURADO
ABRIL",float64,103,55,0.0,0.0,0.0,15.0,5413.0
ALIMENTADOR_2025.xlsx,CONSUMO ABRIL,float64,103,876,0.0,406.0,0.0,0.0,32580.0
ALIMENTADOR_2025.xlsx,FECHA LECTURA MAYO,datetime64[us],95,17,,,,2025-05-03,2025-05-26
ALIMENTADOR_2025.xlsx,"DIAS FACTURADO
MAYO",float64,95,49,0.0,0.0,0.0,18.0,5445.0
ALIMENTADOR_2025.xlsx,CONSUMO MAYO,float64,95,852,0.0,409.0,0.0,0.0,102120.0
ALIMENTADOR_2025.xlsx,FECHA LECTURA JUNIO,datetime64[us],83,17,,,,2025-06-03,2025-06-25
ALIMENTADOR_2025.xlsx,"DIAS FACTURADO
JUNIO",float64,83,54,0.0,0.0,0.0,15.0,5475.0
ALIMENTADOR_2025.xlsx,CONSUMO JUNIO,float64,83,833,0.0,427.0,0.0,0.0,33160.0
ALIMENTADOR_2025.xlsx,FECHA LECTURA JULIO,datetime64[us],66,17,,,,2025-07-02,2025-07-25
ALIMENTADOR_2025.xlsx,"DIAS FACTURADO
JULIO",float64,66,56,0.0,0.0,0.0,16.0,5504.0
ALIMENTADOR_2025.xlsx,CONSUMO JULIO,float64,66,810,0.0,428.0,0.0,0.0,21015.0
ALIMENTADOR_2025.xlsx,FECHA LECTURA AGOSTO,datetime64[us],57,17,,,,2025-08-02,2025-08-25
ALIMENTADOR_2025.xlsx,"DIAS FACTURADO
AGOSTO",float64,57,54,0.0,0.0,0.0,19.0,5536.0
ALIMENTADOR_2025.xlsx,CONSUMO AGOSTO,float64,57,849,0.0,425.0,0.0,0.0,29880.0
ALIMENTADOR_2025.xlsx,FECHA LECTURA SETIEMBRE,datetime64[us],44,17,,,,2025-09-02,2025-09-24
ALIMENTADOR_2025.xlsx,"DIAS FACTURADO
SETIEMBRE",float64,44,56,0.0,0.0,0.0,15.0,5566.0
ALIMENTADOR_2025.xlsx,CONSUMO SETIEMBRE,float64,44,829,0.0,439.0,0.0,0.0,28920.0
ALIMENTADOR_2025.xlsx,FECHA LECTURA OCTUBRE,datetime64[us],31,17,,,,2025-10-02,2025-10-27
ALIMENTADOR_2025.xlsx,"DIAS FACTURADO
OCTUBRE",float64,31,57,0.0,0.0,0.0,16.0,5598.0
ALIMENTADOR_2025.xlsx,CONSUMO OCTUBRE,float64,31,878,0.0,441.0,0.0,0.0,24000.0
ALIMENTADOR_2025.xlsx,FECHA LECTURA NOVIEMBRE,datetime64[us],24,17,,,,2025-11-04,2025-11-26
ALIMENTADOR_2025.xlsx,"DIAS FACTURADO
NOVIEMBRE",float64,24,51,0.0,0.0,0.0,20.0,5629.0
ALIMENTADOR_2025.xlsx,CONSUMO NOVIEMBRE,float64,24,869,0.0,444.0,0.0,0.0,46120.0
ALIMENTADOR_2025.xlsx,FECHA LECTURA DICIEMBRE,datetime64[us],7,17,,,,2025-12-02,2025-12-29
ALIMENTADOR_2025.xlsx,"DIAS FACTURADO
DICIEMBRE",float64,1,64,0.0,6.0,0.0,0.0,5658.0
ALIMENTADOR_2025.xlsx,CONSUMO DICIEMBRE,float64,7,854,0.0,450.0,0.0,0.0,20908.0
BALANCE_SED.xlsx,SED_ID,str,0,3280,,,,SED2_00003,SED2_09940
BALANCE_SED.xlsx,PERIODO BALANCE,datetime64[us],0,23,,,,2024-06-01,2026-04-01
BALANCE_SED.xlsx,POTENCIA [KVA],object,0,35,0.0,0.0,28.0,10.0,1660.0
BALANCE_SED.xlsx,E. DISTRIBUIDA MES MWh,float64,5,26666,0.0,0.0,0.0,0.75,1182.238
BALANCE_SED.xlsx,E. FACTURADA MES MWh,float64,0,28851,0.0,0.0,0.0,0.75,260.845386956522
BALANCE_SED.xlsx,PERDIDA  MES MWh,float64,5,28900,0.0,3.0,0.0,0.0,981.7438943989071
BALANCE_SED.xlsx,PERDIDA MES %,float64,6,28930,0.0,2.0,0.0,0.0,1.0
BALANCE_SED.xlsx,PROYEC_PERDIDAS NO TECNICAS MES MWh,object,0,26632,0.0,2302.0,5.0,0.0,941.5733023989071
BALANCE_SED.xlsx,CANT CLIENTES TOTALES APROX,int64,0,698,0.0,0.0,0.0,1,1118
CALIDAD_TENSION.xlsx,Año,int64,0,6,0.0,0.0,0.0,2020,2025
CALIDAD_TENSION.xlsx,Mes,str,0,12,,,,Abril,Setiembre
CALIDAD_TENSION.xlsx,Periodo,str,0,78,,,,01/03/2023 11:30 al 00/01/1900 00:00,30/09/2020 16:30 al 00/01/1900 00:00
CALIDAD_TENSION.xlsx,Diagnóstico,str,0,3,,,,Mala Calidad de Tensión por Sobretensión,Mala Calidad de Tensión por Subtensión
CALIDAD_TENSION.xlsx,SET_ID,str,0,29,,,,SET2_02,SET2_47
CALIDAD_TENSION.xlsx,ALIMENTADOR_ID,str,0,62,,,,ALIM2_013,ALIM2_482
CALIDAD_TENSION.xlsx,SED_ID,str,0,73,,,,SED2_00174,SED2_09805
CALIDAD_TENSION.xlsx,LLAVE_ID,str,0,7,,,,LLAVE2_02,LLAVE2_21
FALLAS_SED.xlsx,TIPO RED,str,2,5,,,,FUSIBLE,RED SUBTERRANEA
FALLAS_SED.xlsx,SED_ID,str,0,6298,,,,SED2_00001,SED2_09940
FALLAS_SED.xlsx,LLAVE_ID,str,2,21,,,,LLAVE2_01,LLAVE2_23
FALLAS_SED.xlsx,TIPO_LLAVE,str,2,2,,,,AP,SP
FALLAS_SED.xlsx,ALIMENTADOR_ID,str,0,466,,,,ALIM2_001,SIN DATA
FALLAS_SED.xlsx,SET_ID,str,0,48,,,,SET2_01,SIN DATA
FALLAS_SED.xlsx,KVA,object,0,48,0.0,0.0,119.0,10.0,1730.0
FALLAS_SED.xlsx,Cant_Fallas,int64,0,23,0.0,0.0,0.0,1,27
FALLAS_SED.xlsx,año,int64,0,1,0.0,0.0,0.0,2025,2025
HISTORICO_CNR.xlsx,SUMINISTRO_ID,str,0,12440,,,,SUM2_000001,SUM2_019007
HISTORICO_CNR.xlsx,SET_ID,str,0,46,,,,SET2_01,SET2_48
HISTORICO_CNR.xlsx,ALIMENTADOR_ID,str,0,432,,,,ALIM2_001,ALIM2_482
HISTORICO_CNR.xlsx,SERIE_ID,str,0,9662,,,,NOT2_00001,NOT2_09685
HISTORICO_CNR.xlsx,SED_ID,str,0,4778,,,,SED2_00002,SED2_09940
HISTORICO_CNR.xlsx,LLAVE_ID,str,1,19,,,,LLAVE2_02,LLAVE2_23
HISTORICO_CNR.xlsx,DIA INTERVENCIÓN,datetime64[us],0,596,,,,2024-01-03,2025-12-31
HISTORICO_CNR.xlsx,MES INTERVENCIÓN,str,0,12,,,,Abr,Set
HISTORICO_CNR.xlsx,VULERACIÓN ENCONTRADA,str,0,21,,,,BOBINA MANIPULADA INTERNA Y/O EXTERNAMENTE,TRES LINEAS DIRECTAS A LA BORNERA DEL MEDIDOR
HISTORICO_CNR.xlsx,PROYECCIÓN DE RECUPERO (KWH),float64,0,12990,0.0,0.0,0.0,2517.03,886290.04
HISTORICO_CNR.xlsx,TIPIFICACIÓN,str,0,3,,,,CLANDESTINA,SUMINISTROS RETIRADOS
HISTORICO_CNR.xlsx,TIPO CLIENTE,str,0,2,,,,RESIDENCIAL,Residencial
HISTORICO_CNR.xlsx,GIRO COMERCIAL,str,0,99,,,,ANTENA RETRANSMISORA,tiendas de venta de artefactos electricos
HISTORICO_CNR.xlsx,TIPO CONEXIONADO,str,0,2,,,,MONOFASICO,TRIFASICO
HISTORICO_CNR.xlsx,POTENCIA CONTRATADA,float64,0,111,0.0,0.0,0.0,0.9,600.1
HISTORICO_CNR.xlsx,TIPO ACOMETIDA,str,0,2,,,,AÉREA,SUBTERRÁNEA
HISTORICO_CNR.xlsx,FECHA TOMA LECTURA ENERO,datetime64[us],25,44,,,,2023-12-06,2025-01-25
HISTORICO_CNR.xlsx,"DIAS FACTURADO
ENERO",float64,25,51,0.0,0.0,0.0,20.0,1121.0
HISTORICO_CNR.xlsx,CONSUMO ENERO,float64,25,1599,0.0,2328.0,0.0,0.0,33120.0
HISTORICO_CNR.xlsx,FECHA TOMA LECTURA FEBRERO,datetime64[us],24,43,,,,2024-01-24,2025-02-25
HISTORICO_CNR.xlsx,"DIAS FACTURADO
FEBRERO",float64,24,46,0.0,0.0,0.0,28.0,1151.0
HISTORICO_CNR.xlsx,CONSUMO FEBRERO,float64,24,1672,0.0,2244.0,0.0,0.0,31560.0
HISTORICO_CNR.xlsx,FECHA TOMA LECTURA MARZO,datetime64[us],23,43,,,,2024-02-23,2025-03-25
HISTORICO_CNR.xlsx,"DIAS FACTURADO
MARZO",float64,23,55,0.0,0.0,0.0,17.0,1181.0
HISTORICO_CNR.xlsx,CONSUMO MARZO,float64,23,1708,0.0,2180.0,0.0,0.0,40680.0
HISTORICO_CNR.xlsx,FECHA TOMA LECTURA ABRIL,datetime64[us],23,43,,,,2024-03-25,2025-04-26
HISTORICO_CNR.xlsx,"DIAS FACTURADO
ABRIL",float64,23,48,0.0,0.0,0.0,29.0,1212.0
HISTORICO_CNR.xlsx,CONSUMO ABRIL,float64,23,1711,0.0,2192.0,0.0,0.0,30900.0
HISTORICO_CNR.xlsx,FECHA TOMA LECTURA MAYO,datetime64[us],19,43,,,,2024-04-24,2025-05-26
HISTORICO_CNR.xlsx,"DIAS FACTURADO
MAYO",float64,19,46,0.0,0.0,0.0,24.0,1242.0
HISTORICO_CNR.xlsx,CONSUMO MAYO,float64,19,1663,0.0,2078.0,0.0,0.0,40880.0
HISTORICO_CNR.xlsx,FECHA TOMA LECTURA JUNIO,datetime64[us],15,43,,,,2024-05-24,2025-06-25
HISTORICO_CNR.xlsx,"DIAS FACTURADO
JUNIO",float64,15,46,0.0,0.0,0.0,24.0,1272.0
HISTORICO_CNR.xlsx,CONSUMO JUNIO,float64,15,1604,0.0,2005.0,0.0,0.0,30780.0
HISTORICO_CNR.xlsx,FECHA TOMA LECTURA JULIO,datetime64[us],10,43,,,,2024-06-24,2025-07-25
HISTORICO_CNR.xlsx,"DIAS FACTURADO
JULIO",float64,10,70,0.0,0.0,0.0,17.0,1304.0
HISTORICO_CNR.xlsx,CONSUMO JULIO,float64,10,1602,0.0,1906.0,0.0,0.0,42997.0
HISTORICO_CNR.xlsx,FECHA TOMA LECTURA AGOSTO,datetime64[us],7,43,,,,2024-07-25,2025-08-25
HISTORICO_CNR.xlsx,"DIAS FACTURADO
AGOSTO",float64,7,72,0.0,0.0,0.0,18.0,1333.0
HISTORICO_CNR.xlsx,CONSUMO AGOSTO,float64,7,1635,0.0,1877.0,0.0,0.0,34520.0
HISTORICO_CNR.xlsx,FECHA TOMA LECTURA SETIEMBRE,datetime64[us],4,43,,,,2024-08-23,2025-09-24
HISTORICO_CNR.xlsx,"DIAS FACTURADO
SETIEMBRE",float64,4,76,0.0,0.0,0.0,28.0,1365.0
HISTORICO_CNR.xlsx,CONSUMO SETIEMBRE,float64,4,1675,0.0,1788.0,0.0,0.0,33834.0
HISTORICO_CNR.xlsx,FECHA TOMA LECTURA OCTUBRE,datetime64[us],1,43,,,,2024-09-24,2025-10-27
HISTORICO_CNR.xlsx,"DIAS FACTURADO
OCTUBRE",float64,1,66,0.0,0.0,0.0,21.0,1396.0
HISTORICO_CNR.xlsx,CONSUMO OCTUBRE,float64,1,1673,0.0,1803.0,0.0,0.0,35200.0
HISTORICO_CNR.xlsx,FECHA TOMA LECTURA NOVIEMBRE,datetime64[us],1,43,,,,2024-10-25,2025-11-26
HISTORICO_CNR.xlsx,"DIAS FACTURADO
NOVIEMBRE",float64,1,58,0.0,0.0,0.0,28.0,1426.0
HISTORICO_CNR.xlsx,CONSUMO NOVIEMBRE,float64,1,1730,0.0,1833.0,0.0,0.0,45420.0
HISTORICO_CNR.xlsx,FECHA TOMA LECTURA DICIEMBRE,datetime64[us],0,43,,,,2024-11-25,2025-12-29
HISTORICO_CNR.xlsx,"DIAS FACTURADO
DICIEMBRE",int64,0,85,0.0,0.0,0.0,19,1456
HISTORICO_CNR.xlsx,CONSUMO DICIEMBRE,int64,0,1724,0.0,1865.0,0.0,0,50220
POTENCIA_SED.xlsx,SED_ID,str,0,7735,,,,SED2_00001,SED2_09940
POTENCIA_SED.xlsx,POTENCIA [KVA],int64,0,54,0.0,81.0,0.0,0,1890
POTENCIA_SED.xlsx,Clientes BT Cantidad Referencial,object,1,705,0.0,0.0,700.0,1.0,1284.0
POTENCIA_SED.xlsx,AÑO,int64,0,2,0.0,0.0,0.0,2024,2025
