model,split,average_precision_observable,roc_auc_observable,hits_10,recall_known_10,lift_observable_10,hits_25,recall_known_25,lift_observable_25,hits_50,recall_known_50,lift_observable_50,hits_76,recall_known_76,lift_observable_76,hits_100,recall_known_100,lift_observable_100,hits_200,recall_known_200,lift_observable_200,hits_500,recall_known_500,lift_observable_500
consumo_3_meses/catboost,selection,0.8533041913940509,0.7308469712315866,10,0.009861932938856016,1.4378698224831397,24,0.023668639053254437,1.3803550295838138,48,0.047337278106508875,1.3803550295838138,72,0.07100591715976332,1.3621924634050795,94,0.09270216962524655,1.351597633134151,179,0.1765285996055227,1.28689349112241,436,0.42998027613412226,1.2538224852052977
consumo_3_meses/lightgbm,selection,0.8435691495649419,0.71389288696981,10,0.009861932938856016,1.4378698224831397,25,0.02465483234714004,1.4378698224831397,48,0.047337278106508875,1.3803550295838138,73,0.07199211045364892,1.3811118031745946,95,0.09368836291913216,1.3659763313589826,173,0.17061143984220908,1.2437573964479156,433,0.4270216962524655,1.245195266270399
consumo_3_meses,selection,0.8524467915819474,0.7288190557421327,10,0.009861932938856016,1.4378698224831397,25,0.02465483234714004,1.4378698224831397,48,0.047337278106508875,1.3803550295838138,73,0.07199211045364892,1.3811118031745946,95,0.09368836291913216,1.3659763313589826,181,0.17850098619329388,1.3012721893472414,434,0.4280078895463511,1.2480710059153652
patron_relativo_3_meses/catboost,selection,0.8528566260949652,0.7273797466105159,10,0.009861932938856016,1.4378698224831397,24,0.023668639053254437,1.3803550295838138,48,0.047337278106508875,1.3803550295838138,74,0.07297830374753451,1.4000311429441097,95,0.09368836291913216,1.3659763313589826,180,0.17751479289940827,1.2940828402348257,439,0.4329388560157791,1.2624497041401965
patron_relativo_3_meses/lightgbm,selection,0.8451544324311037,0.710828802174956,10,0.009861932938856016,1.4378698224831397,25,0.02465483234714004,1.4378698224831397,48,0.047337278106508875,1.3803550295838138,73,0.07199211045364892,1.3811118031745946,94,0.09270216962524655,1.351597633134151,179,0.1765285996055227,1.28689349112241,440,0.4339250493096647,1.2653254437851629
patron_relativo_3_meses,selection,0.8528566260949652,0.7273797466105159,10,0.009861932938856016,1.4378698224831397,24,0.023668639053254437,1.3803550295838138,48,0.047337278106508875,1.3803550295838138,74,0.07297830374753451,1.4000311429441097,95,0.09368836291913216,1.3659763313589826,180,0.17751479289940827,1.2940828402348257,439,0.4329388560157791,1.2624497041401965
multiventana_control/catboost,selection,0.8593587883624478,0.740891038967962,10,0.009861932938856016,1.4378698224831397,24,0.023668639053254437,1.3803550295838138,48,0.047337278106508875,1.3803550295838138,73,0.07199211045364892,1.3811118031745946,95,0.09368836291913216,1.3659763313589826,182,0.1794871794871795,1.308461538459657,441,0.4349112426035503,1.268201183430129
multiventana_control/lightgbm,selection,0.8564934072098725,0.7365020345789576,10,0.009861932938856016,1.4378698224831397,24,0.023668639053254437,1.3803550295838138,47,0.046351084812623275,1.351597633134151,73,0.07199211045364892,1.3811118031745946,96,0.09467455621301775,1.3803550295838138,182,0.1794871794871795,1.308461538459657,443,0.4368836291913215,1.2739526627200617
multiventana_control,selection,0.8593587883624478,0.740891038967962,10,0.009861932938856016,1.4378698224831397,24,0.023668639053254437,1.3803550295838138,48,0.047337278106508875,1.3803550295838138,73,0.07199211045364892,1.3811118031745946,95,0.09368836291913216,1.3659763313589826,182,0.1794871794871795,1.308461538459657,441,0.4349112426035503,1.268201183430129
selected_ensemble,test,0.8217897982991995,0.6804863086213853,9,0.004605936540429887,1.3288126919120606,24,0.012282497441146366,1.417400204706198,49,0.025076765609007165,1.4469293756375772,75,0.0383828045035824,1.4570314604298908,97,0.0496417604912999,1.4321647901718875,189,0.09672466734902764,1.3952533265076636,449,0.22978505629477994,1.3258597748189227
multiventana_control,test,0.8640212642999578,0.7569657987636147,10,0.00511770726714432,1.4764585465689561,25,0.0127942681678608,1.4764585465689561,50,0.0255885363357216,1.4764585465689561,75,0.0383828045035824,1.4570314604298908,99,0.05066530194472876,1.4616939611032667,194,0.0992835209825998,1.4321647901718875,458,0.23439099283520984,1.352436028657164
isolation_forest,test,0.8008574398177712,0.6610247288054909,9,0.004605936540429887,1.3288126919120606,23,0.011770726714431934,1.3583418628434398,47,0.024053224155578302,1.3878710337748188,72,0.0368474923234391,1.3987502020126954,95,0.04861821903787104,1.4026356192405083,176,0.09007164790174002,1.2992835209806815,427,0.21852610030706243,1.2608955987698887
