position,known_hits,random_reference
1,1,0.6772963604852686
2,2,1.3545927209705373
3,3,2.031889081455806
4,4,2.7091854419410746
5,5,3.386481802426343
6,6,4.063778162911612
7,7,4.741074523396881
8,8,5.418370883882149
9,8,6.095667244367418
10,9,6.772963604852686
11,10,7.450259965337955
12,11,8.127556325823225
13,12,8.804852686308493
14,13,9.482149046793761
15,14,10.15944540727903
16,15,10.836741767764298
17,16,11.514038128249567
18,17,12.191334488734835
19,18,12.868630849220104
20,19,13.545927209705372
21,20,14.223223570190642
22,21,14.90051993067591
23,22,15.577816291161179
24,23,16.25511265164645
25,24,16.932409012131718
26,25,17.609705372616986
27,26,18.287001733102255
28,27,18.964298093587523
29,28,19.64159445407279
30,29,20.31889081455806
31,30,20.996187175043328
32,31,21.673483535528597
33,32,22.350779896013865
34,33,23.028076256499133
35,34,23.705372616984402
36,35,24.38266897746967
37,36,25.05996533795494
38,37,25.737261698440207
39,38,26.414558058925476
40,39,27.091854419410744
41,40,27.769150779896016
42,41,28.446447140381284
43,42,29.123743500866553
44,43,29.80103986135182
45,44,30.47833622183709
46,45,31.155632582322358
47,46,31.832928942807627
48,47,32.5102253032929
49,48,33.18752166377816
50,49,33.864818024263435
51,50,34.5421143847487
52,51,35.21941074523397
53,52,35.89670710571924
54,53,36.57400346620451
55,54,37.251299826689774
56,55,37.928596187175046
57,56,38.60589254766031
58,57,39.28318890814558
59,58,39.96048526863085
60,59,40.63778162911612
61,60,41.315077989601384
62,61,41.992374350086656
63,62,42.66967071057192
64,63,43.34696707105719
65,64,44.024263431542465
66,65,44.70155979202773
67,66,45.378856152513
68,67,46.05615251299827
69,68,46.73344887348354
70,69,47.410745233968804
71,70,48.088041594454076
72,71,48.76533795493934
73,72,49.44263431542461
74,73,50.11993067590988
75,74,50.79722703639515
76,75,51.474523396880414
77,76,52.151819757365686
78,77,52.82911611785095
79,78,53.50641247833622
80,79,54.18370883882149
81,80,54.86100519930676
82,81,55.53830155979203
83,82,56.2155979202773
84,83,56.89289428076257
85,84,57.570190641247834
86,85,58.247487001733106
87,86,58.92478336221837
88,87,59.60207972270364
89,88,60.27937608318891
90,89,60.95667244367418
91,90,61.633968804159444
92,91,62.311265164644716
93,92,62.98856152512998
94,93,63.66585788561525
95,94,64.34315424610053
96,94,65.0204506065858
97,94,65.69774696707105
98,95,66.37504332755633
99,96,67.0523396880416
100,97,67.72963604852687
101,98,68.40693240901213
102,99,69.0842287694974
103,99,69.76152512998267
104,100,70.43882149046794
105,101,71.1161178509532
106,102,71.79341421143847
107,103,72.47071057192375
108,104,73.14800693240902
109,105,73.82530329289428
110,106,74.50259965337955
111,107,75.17989601386482
112,108,75.85719237435009
113,109,76.53448873483536
114,110,77.21178509532062
115,111,77.8890814558059
116,112,78.56637781629117
117,113,79.24367417677644
118,113,79.9209705372617
119,114,80.59826689774697
120,114,81.27556325823224
121,115,81.95285961871751
122,116,82.63015597920277
123,117,83.30745233968804
124,118,83.98474870017331
125,119,84.66204506065858
126,120,85.33934142114384
127,121,86.01663778162911
128,121,86.69393414211439
129,122,87.37123050259966
130,122,88.04852686308493
131,123,88.72582322357019
132,124,89.40311958405546
133,125,90.08041594454073
134,126,90.757712305026
135,127,91.43500866551126
136,128,92.11230502599653
137,129,92.7896013864818
138,130,93.46689774696708
139,131,94.14419410745234
140,132,94.82149046793761
141,133,95.49878682842288
142,134,96.17608318890815
143,135,96.85337954939341
144,136,97.53067590987868
145,137,98.20797227036395
146,138,98.88526863084923
147,139,99.5625649913345
148,140,100.23986135181975
149,141,100.91715771230503
150,142,101.5944540727903
151,143,102.27175043327557
152,144,102.94904679376083
153,145,103.6263431542461
154,146,104.30363951473137
155,147,104.98093587521664
156,148,105.6582322357019
157,149,106.33552859618717
158,150,107.01282495667245
159,151,107.69012131715772
160,152,108.36741767764298
161,153,109.04471403812825
162,154,109.72201039861352
163,155,110.39930675909879
164,156,111.07660311958406
165,157,111.75389948006932
166,158,112.4311958405546
167,158,113.10849220103987
168,159,113.78578856152514
169,160,114.4630849220104
170,161,115.14038128249567
171,162,115.81767764298094
172,163,116.49497400346621
173,164,117.17227036395147
174,165,117.84956672443674
175,166,118.52686308492201
176,167,119.20415944540729
177,168,119.88145580589256
178,169,120.55875216637781
179,170,121.23604852686309
180,171,121.91334488734836
181,172,122.59064124783363
182,173,123.26793760831889
183,174,123.94523396880416
184,175,124.62253032928943
185,176,125.2998266897747
186,177,125.97712305025996
187,178,126.65441941074523
188,179,127.3317157712305
189,179,128.00901213171576
190,179,128.68630849220105
191,180,129.3636048526863
192,181,130.0409012131716
193,182,130.71819757365685
194,183,131.3954939341421
195,184,132.0727902946274
196,185,132.75008665511265
197,186,133.4273830155979
198,187,134.1046793760832
199,188,134.78197573656846
200,189,135.45927209705374
201,190,136.136568457539
202,191,136.81386481802426
203,192,137.49116117850954
204,193,138.1684575389948
205,194,138.84575389948006
206,195,139.52305025996534
207,196,140.2003466204506
208,197,140.8776429809359
209,198,141.55493934142115
210,199,142.2322357019064
211,200,142.9095320623917
212,200,143.58682842287695
213,201,144.26412478336223
214,202,144.9414211438475
215,203,145.61871750433275
216,204,146.29601386481804
217,205,146.9733102253033
218,205,147.65060658578855
219,206,148.32790294627384
220,207,149.0051993067591
221,208,149.68249566724438
222,209,150.35979202772964
223,210,151.0370883882149
224,211,151.71438474870018
225,212,152.39168110918544
226,213,153.06897746967073
227,214,153.74627383015599
228,215,154.42357019064124
229,216,155.10086655112653
230,217,155.7781629116118
231,218,156.45545927209704
232,219,157.13275563258233
233,220,157.8100519930676
234,221,158.48734835355287
235,221,159.16464471403813
236,222,159.8419410745234
237,223,160.51923743500868
238,224,161.19653379549393
239,225,161.8738301559792
240,226,162.55112651646448
241,227,163.22842287694974
242,227,163.90571923743502
243,228,164.58301559792028
244,229,165.26031195840554
245,230,165.93760831889082
246,231,166.61490467937608
247,232,167.29220103986137
248,233,167.96949740034663
249,233,168.64679376083188
250,234,169.32409012131717
251,235,170.00138648180243
252,236,170.67868284228769
253,237,171.35597920277297
254,237,172.03327556325823
255,238,172.71057192374352
256,239,173.38786828422877
257,240,174.06516464471403
258,241,174.74246100519932
259,242,175.41975736568457
260,242,176.09705372616986
261,243,176.77435008665512
262,244,177.45164644714038
263,245,178.12894280762566
264,246,178.80623916811092
265,247,179.48353552859618
266,248,180.16083188908146
267,249,180.83812824956672
268,250,181.515424610052
269,251,182.19272097053727
270,252,182.87001733102252
271,253,183.5473136915078
272,254,184.22461005199307
273,254,184.90190641247835
274,255,185.5792027729636
275,256,186.25649913344887
276,257,186.93379549393416
277,257,187.6110918544194
278,258,188.28838821490467
279,259,188.96568457538996
280,260,189.64298093587522
281,261,190.3202772963605
282,262,190.99757365684576
283,263,191.67487001733102
284,264,192.3521663778163
285,265,193.02946273830156
286,266,193.70675909878682
287,266,194.3840554592721
288,267,195.06135181975736
289,267,195.73864818024265
290,267,196.4159445407279
291,268,197.09324090121316
292,269,197.77053726169845
293,270,198.4478336221837
294,271,199.125129982669
295,272,199.80242634315425
296,273,200.4797227036395
297,274,201.1570190641248
298,275,201.83431542461005
299,276,202.5116117850953
300,277,203.1889081455806
301,278,203.86620450606586
302,279,204.54350086655114
303,280,205.2207972270364
304,281,205.89809358752166
305,282,206.57538994800694
306,283,207.2526863084922
307,284,207.9299826689775
308,285,208.60727902946275
309,285,209.284575389948
310,286,209.9618717504333
311,287,210.63916811091855
312,288,211.3164644714038
313,289,211.9937608318891
314,289,212.67105719237435
315,290,213.34835355285963
316,291,214.0256499133449
317,292,214.70294627383015
318,293,215.38024263431544
319,294,216.0575389948007
320,295,216.73483535528595
321,296,217.41213171577124
322,296,218.0894280762565
323,297,218.76672443674178
324,298,219.44402079722704
325,299,220.1213171577123
326,300,220.79861351819758
327,301,221.47590987868284
328,302,222.15320623916813
329,303,222.83050259965339
330,304,223.50779896013864
331,304,224.18509532062393
332,304,224.8623916811092
333,305,225.53968804159445
334,306,226.21698440207973
335,307,226.894280762565
336,308,227.57157712305028
337,309,228.24887348353553
338,310,228.9261698440208
339,311,229.60346620450608
340,311,230.28076256499133
341,312,230.95805892547662
342,313,231.63535528596188
343,314,232.31265164644714
344,315,232.98994800693242
345,316,233.66724436741768
346,316,234.34454072790294
347,316,235.02183708838822
348,317,235.69913344887348
349,317,236.37642980935877
350,318,237.05372616984403
351,319,237.73102253032928
352,319,238.40831889081457
353,320,239.08561525129983
354,321,239.7629116117851
355,321,240.44020797227037
356,322,241.11750433275563
357,323,241.79480069324092
358,324,242.47209705372617
359,325,243.14939341421143
360,326,243.82668977469672
361,327,244.50398613518198
362,328,245.18128249566726
363,329,245.85857885615252
364,330,246.53587521663778
365,331,247.21317157712306
366,332,247.89046793760832
367,333,248.56776429809358
368,334,249.24506065857886
369,335,249.92235701906412
370,336,250.5996533795494
371,337,251.27694974003467
372,338,251.95424610051992
373,339,252.6315424610052
374,340,253.30883882149047
375,341,253.98613518197575
376,342,254.663431542461
377,343,255.34072790294627
378,344,256.0180242634315
379,345,256.6953206239168
380,346,257.3726169844021
381,346,258.04991334488733
382,347,258.7272097053726
383,347,259.4045060658579
384,348,260.0818024263432
385,349,260.7590987868284
386,350,261.4363951473137
387,351,262.113691507799
388,352,262.7909878682842
389,353,263.4682842287695
390,354,264.1455805892548
391,355,264.82287694974
392,356,265.5001733102253
393,357,266.1774696707106
394,358,266.8547660311958
395,358,267.5320623916811
396,359,268.2093587521664
397,360,268.8866551126516
398,361,269.5639514731369
399,362,270.2412478336222
400,363,270.9185441941075
401,364,271.5958405545927
402,365,272.273136915078
403,366,272.9504332755633
404,367,273.6277296360485
405,368,274.3050259965338
406,369,274.9823223570191
407,370,275.6596187175043
408,371,276.3369150779896
409,372,277.0142114384749
410,373,277.6915077989601
411,374,278.3688041594454
412,375,279.0461005199307
413,376,279.723396880416
414,376,280.4006932409012
415,376,281.0779896013865
416,377,281.7552859618718
417,377,282.432582322357
418,378,283.1098786828423
419,379,283.7871750433276
420,380,284.4644714038128
421,381,285.1417677642981
422,382,285.8190641247834
423,383,286.4963604852686
424,384,287.1736568457539
425,385,287.8509532062392
426,386,288.52824956672447
427,386,289.2055459272097
428,386,289.882842287695
429,387,290.56013864818027
430,388,291.2374350086655
431,389,291.9147313691508
432,390,292.5920277296361
433,391,293.2693240901213
434,392,293.9466204506066
435,393,294.6239168110919
436,394,295.3012131715771
437,395,295.9785095320624
438,396,296.6558058925477
439,397,297.33310225303296
440,398,298.0103986135182
441,399,298.6876949740035
442,400,299.36499133448876
443,401,300.042287694974
444,402,300.7195840554593
445,403,301.39688041594457
446,404,302.0741767764298
447,405,302.7514731369151
448,406,303.42876949740037
449,406,304.1060658578856
450,407,304.7833622183709
451,408,305.46065857885617
452,409,306.13795493934145
453,409,306.8152512998267
454,410,307.49254766031197
455,411,308.16984402079726
456,411,308.8471403812825
457,412,309.5244367417678
458,413,310.20173310225306
459,414,310.8790294627383
460,415,311.5563258232236
461,416,312.23362218370886
462,416,312.9109185441941
463,416,313.5882149046794
464,417,314.26551126516466
465,418,314.94280762564995
466,419,315.6201039861352
467,419,316.29740034662046
468,420,316.97469670710575
469,420,317.651993067591
470,421,318.32928942807627
471,422,319.00658578856155
472,423,319.6838821490468
473,424,320.36117850953207
474,425,321.03847487001735
475,426,321.7157712305026
476,427,322.39306759098787
477,428,323.07036395147315
478,429,323.7476603119584
479,430,324.42495667244367
480,431,325.10225303292896
481,432,325.77954939341424
482,433,326.4568457538995
483,434,327.13414211438476
484,434,327.81143847487004
485,435,328.4887348353553
486,436,329.16603119584056
487,437,329.84332755632585
488,437,330.5206239168111
489,438,331.19792027729636
490,439,331.87521663778165
491,440,332.5525129982669
492,441,333.22980935875216
493,442,333.90710571923745
494,443,334.58440207972274
495,444,335.26169844020797
496,445,335.93899480069325
497,446,336.61629116117854
498,447,337.29358752166377
499,448,337.97088388214905
500,449,338.64818024263434
